<?xml version="1.0" encoding="UTF-8"?>
<beans xmlns="http://www.springframework.org/schema/beans"
	xmlns:xsi="http://www.w3.org/2001/XMLSchema-instance"
	xmlns:util="http://www.springframework.org/schema/util"
	xmlns:gfe="http://www.springframework.org/schema/gemfire"
	xsi:schemaLocation="http://www.springframework.org/schema/gemfire https://www.springframework.org/schema/gemfire/spring-gemfire.xsd
		http://www.springframework.org/schema/beans https://www.springframework.org/schema/beans/spring-beans.xsd
		http://www.springframework.org/schema/util https://www.springframework.org/schema/util/spring-util.xsd">
    
    <util:properties id="gemfire-props">
        <prop key="log-level">warning</prop>
    </util:properties>
    
    <gfe:cache properties-ref="gemfire-props"/>
   
     <gfe:replicated-region id="Product">
         <gfe:cache-listener ref="loggingCacheListener"/>
         <gfe:cache-loader ref="productDBLoader"/>
         <gfe:cache-writer ref="productDBWriter"/>
    </gfe:replicated-region>
 
</beans>